--SEED Data
DO $$
BEGIN
    IF (SELECT COUNT(*) FROM departments) = 0 THEN

        -- ── Departments ─────────────────────────────────────────
        INSERT INTO departments (id, name, code, budget) VALUES
            ('d0000001-0000-0000-0000-000000000001', 'Computer Science',    'CS',   2400000),
            ('d0000002-0000-0000-0000-000000000002', 'Mathematics',         'MATH', 1800000),
            ('d0000003-0000-0000-0000-000000000003', 'Physics',             'PHY',  2100000),
            ('d0000004-0000-0000-0000-000000000004', 'Electrical Engineering', 'EE', 2600000),
            ('d0000005-0000-0000-0000-000000000005', 'Mechanical Engineering', 'ME', 2200000);

        -- ── Faculty ─────────────────────────────────────────────
        INSERT INTO faculty (id, first_name, last_name, email, department_id, rank) VALUES
            ('f0000001-0000-0000-0000-000000000001', 'Rajesh',   'Kumar',    'rajesh.k@uni.edu',    'd0000001-0000-0000-0000-000000000001', 'professor'),
            ('f0000002-0000-0000-0000-000000000002', 'Priya',    'Sharma',   'priya.s@uni.edu',     'd0000001-0000-0000-0000-000000000001', 'assistant_professor'),
            ('f0000003-0000-0000-0000-000000000003', 'David',    'Johnson',  'david.j@uni.edu',     'd0000002-0000-0000-0000-000000000002', 'associate_professor'),
            ('f0000004-0000-0000-0000-000000000004', 'Sarah',    'Williams', 'sarah.w@uni.edu',     'd0000003-0000-0000-0000-000000000003', 'professor'),
            ('f0000005-0000-0000-0000-000000000005', 'Michael',  'Brown',    'michael.b@uni.edu',   'd0000004-0000-0000-0000-000000000004', 'professor'),
            ('f0000006-0000-0000-0000-000000000006', 'Ananya',   'Patel',    'ananya.p@uni.edu',    'd0000002-0000-0000-0000-000000000002', 'lecturer'),
            ('f0000007-0000-0000-0000-000000000007', 'James',    'Wilson',   'james.w@uni.edu',     'd0000005-0000-0000-0000-000000000005', 'associate_professor'),
            ('f0000008-0000-0000-0000-000000000008', 'Fatima',   'Hassan',   'fatima.h@uni.edu',    'd0000003-0000-0000-0000-000000000003', 'assistant_professor');

        -- ── Courses ─────────────────────────────────────────────
        INSERT INTO courses (id, code, title, department_id, credits, capacity, instructor_id) VALUES
            ('c0000001-0000-0000-0000-000000000001', 'CS101',   'Introduction to Computer Science',  'd0000001-0000-0000-0000-000000000001', 3, 120, 'f0000001-0000-0000-0000-000000000001'),
            ('c0000002-0000-0000-0000-000000000002', 'CS201',   'Data Structures & Algorithms',      'd0000001-0000-0000-0000-000000000001', 4,  80, 'f0000002-0000-0000-0000-000000000002'),
            ('c0000003-0000-0000-0000-000000000003', 'CS301',   'Operating Systems',                 'd0000001-0000-0000-0000-000000000001', 3,  60, 'f0000001-0000-0000-0000-000000000001'),
            ('c0000004-0000-0000-0000-000000000004', 'MATH201', 'Linear Algebra',                    'd0000002-0000-0000-0000-000000000002', 3,  90, 'f0000003-0000-0000-0000-000000000003'),
            ('c0000005-0000-0000-0000-000000000005', 'MATH301', 'Probability & Statistics',           'd0000002-0000-0000-0000-000000000002', 3,  75, 'f0000006-0000-0000-0000-000000000006'),
            ('c0000006-0000-0000-0000-000000000006', 'PHY101',  'Classical Mechanics',               'd0000003-0000-0000-0000-000000000003', 4, 100, 'f0000004-0000-0000-0000-000000000004'),
            ('c0000007-0000-0000-0000-000000000007', 'PHY201',  'Electromagnetism',                  'd0000003-0000-0000-0000-000000000003', 4,  70, 'f0000008-0000-0000-0000-000000000008'),
            ('c0000008-0000-0000-0000-000000000008', 'EE201',   'Circuit Analysis',                  'd0000004-0000-0000-0000-000000000004', 3,  65, 'f0000005-0000-0000-0000-000000000005'),
            ('c0000009-0000-0000-0000-000000000009', 'ME101',   'Engineering Mechanics',             'd0000005-0000-0000-0000-000000000005', 3,  80, 'f0000007-0000-0000-0000-000000000007');

        -- ── Students ────────────────────────────────────────────
        INSERT INTO students (id, first_name, last_name, email, date_of_birth, department_id, gpa, status) VALUES
            ('s0000001-0000-0000-0000-000000000001', 'Aisha',   'Sharma',   'aisha.s@uni.edu',    '2003-05-14', 'd0000001-0000-0000-0000-000000000001', 3.98, 'active'),
            ('s0000002-0000-0000-0000-000000000002', 'Rahul',   'Kumar',    'rahul.k@uni.edu',    '2002-11-28', 'd0000002-0000-0000-0000-000000000002', 3.72, 'active'),
            ('s0000003-0000-0000-0000-000000000003', 'Priya',   'Patel',    'priya.p@uni.edu',    '2003-03-09', 'd0000003-0000-0000-0000-000000000003', 3.65, 'active'),
            ('s0000004-0000-0000-0000-000000000004', 'Ahmed',   'Ali',      'ahmed.a@uni.edu',    '2002-07-22', 'd0000004-0000-0000-0000-000000000004', 3.54, 'active'),
            ('s0000005-0000-0000-0000-000000000005', 'Sarah',   'Lee',      'sarah.l@uni.edu',    '2003-01-17', 'd0000001-0000-0000-0000-000000000001', 3.89, 'active'),
            ('s0000006-0000-0000-0000-000000000006', 'Omar',    'Hassan',   'omar.h@uni.edu',     '2002-09-03', 'd0000005-0000-0000-0000-000000000005', 3.41, 'active'),
            ('s0000007-0000-0000-0000-000000000007', 'Mei',     'Chen',     'mei.c@uni.edu',      '2003-08-11', 'd0000001-0000-0000-0000-000000000001', 3.76, 'active'),
            ('s0000008-0000-0000-0000-000000000008', 'Chirag',  'tyagi',     'chirag.t@uni.edu',   '2003-04-25', 'd0000001-0000-0000-0000-000000000001', 3.82, 'active'),
            ('s0000009-0000-0000-0000-000000000009', 'Deepak',  'Verma',    'deepak.v@uni.edu',   '2002-12-05', 'd0000003-0000-0000-0000-000000000003', 3.15, 'active'),
            ('s0000010-0000-0000-0000-000000000010', 'Nina',    'Gupta',    'nina.g@uni.edu',     '2003-06-30', 'd0000002-0000-0000-0000-000000000002', 2.98, 'active'),
            ('s0000011-0000-0000-0000-000000000011', 'Carlos',  'Rivera',   'carlos.r@uni.edu',   '2002-02-14', 'd0000004-0000-0000-0000-000000000004', 3.33, 'active'),
            ('s0000012-0000-0000-0000-000000000012', 'Zara',    'Khan',     'zara.k@uni.edu',     '2003-10-08', 'd0000001-0000-0000-0000-000000000001', 3.91, 'active');

        -- ── Enrollments ─────────────────────────────────────────
        INSERT INTO enrollments (student_id, course_id, semester, status, grade) VALUES
            ('s0000001-0000-0000-0000-000000000001', 'c0000001-0000-0000-0000-000000000001', 'Fall 2025',   'completed', 'A'),
            ('s0000001-0000-0000-0000-000000000001', 'c0000002-0000-0000-0000-000000000002', 'Fall 2025',   'completed', 'A'),
            ('s0000001-0000-0000-0000-000000000001', 'c0000004-0000-0000-0000-000000000004', 'Spring 2026', 'registered', NULL),
            ('s0000002-0000-0000-0000-000000000002', 'c0000004-0000-0000-0000-000000000004', 'Fall 2025',   'completed', 'A-'),
            ('s0000002-0000-0000-0000-000000000002', 'c0000005-0000-0000-0000-000000000005', 'Spring 2026', 'registered', NULL),
            ('s0000003-0000-0000-0000-000000000003', 'c0000006-0000-0000-0000-000000000006', 'Fall 2025',   'completed', 'B+'),
            ('s0000003-0000-0000-0000-000000000003', 'c0000007-0000-0000-0000-000000000007', 'Spring 2026', 'in_progress', NULL),
            ('s0000004-0000-0000-0000-000000000004', 'c0000008-0000-0000-0000-000000000008', 'Fall 2025',   'completed', 'B'),
            ('s0000005-0000-0000-0000-000000000005', 'c0000001-0000-0000-0000-000000000001', 'Fall 2025',   'completed', 'A'),
            ('s0000005-0000-0000-0000-000000000005', 'c0000003-0000-0000-0000-000000000003', 'Spring 2026', 'registered', NULL),
            ('s0000006-0000-0000-0000-000000000006', 'c0000009-0000-0000-0000-000000000009', 'Fall 2025',   'completed', 'B+'),
            ('s0000007-0000-0000-0000-000000000007', 'c0000001-0000-0000-0000-000000000001', 'Fall 2025',   'completed', 'A-'),
            ('s0000007-0000-0000-0000-000000000007', 'c0000002-0000-0000-0000-000000000002', 'Spring 2026', 'in_progress', NULL),
            ('s0000008-0000-0000-0000-000000000008', 'c0000001-0000-0000-0000-000000000001', 'Fall 2025',   'completed', 'A'),
            ('s0000008-0000-0000-0000-000000000008', 'c0000002-0000-0000-0000-000000000002', 'Fall 2025',   'completed', 'B+'),
            ('s0000008-0000-0000-0000-000000000008', 'c0000004-0000-0000-0000-000000000004', 'Spring 2026', 'registered', NULL),
            ('s0000009-0000-0000-0000-000000000009', 'c0000006-0000-0000-0000-000000000006', 'Fall 2025',   'completed', 'C+'),
            ('s0000010-0000-0000-0000-000000000010', 'c0000004-0000-0000-0000-000000000004', 'Fall 2025',   'completed', 'B-'),
            ('s0000011-0000-0000-0000-000000000011', 'c0000008-0000-0000-0000-000000000008', 'Fall 2025',   'completed', 'B'),
            ('s0000012-0000-0000-0000-000000000012', 'c0000001-0000-0000-0000-000000000001', 'Fall 2025',   'completed', 'A'),
            ('s0000012-0000-0000-0000-000000000012', 'c0000002-0000-0000-0000-000000000002', 'Spring 2026', 'in_progress', NULL);

        -- ── Default admin user (password: admin123) ─────────────
        -- Argon2 hash generated for "admin123"
        INSERT INTO users (username, email, password_hash, role, full_name) VALUES
            ('admin', 'admin@uni.edu',
             '$argon2id$v=19$m=19456,t=2,p=1$ZmFrZXNhbHQxMjM0NTY$VGhpcyBpcyBhIHBsYWNlaG9sZGVyIGhhc2g',
             'admin', 'System Administrator');

        RAISE NOTICE 'Seed data loaded: 5 departments, 8 faculty, 9 courses, 12 students, 21 enrollments, 1 admin user';
    ELSE
        RAISE NOTICE 'Seed skipped — data already exists';
    END IF;
END $$;
